PCo1,PCo2,Delivery_Mode
0.08968116160508403,0.060496276834940334,0
-0.0029687310841036174,0.03131522949906785,0
-0.1572205122876092,0.15397239945737062,1
-0.22667666321732324,-0.0030229942121902946,0
0.05902581166216649,0.033717208268552644,1
0.05268111316980259,-0.10786735866271238,1
-0.020692160891583915,-0.10131721565692162,0
-0.11226231934588751,0.21792699433609547,1
-0.005935645710940114,-0.035685035737332574,1
-0.19163596660079849,-0.14804200532068013,0
-0.14418028394855525,0.08204312828627765,1
0.04618085900648314,0.004188299847864396,0
-0.03731220883850517,0.05674701931827731,0
0.13873290119983453,0.03362929236619128,0
0.0667310241922575,-0.021643175086632816,0
0.10932778393800484,0.048219307640550005,0
0.06678192465579183,0.054813101684287616,1
0.02495948358739734,-0.07801473479365909,0
-0.2069427129254802,-0.12299189158807991,0
-0.08471728666055298,-0.04330742165557727,1
0.06506457678353361,-0.005356997427818264,0
0.0754581739301665,-0.12118388873386227,0
0.019532068003190097,-0.08220063182990649,1
-0.07982273624373,0.12308358755179233,1
-0.036222785824385116,-0.05305631525736475,0
0.15717824234825406,0.00999422966108335,0
-0.09429402996294163,-0.007136510682317279,1
-0.042511047800724594,0.08100175508227789,0
0.14695525923801103,-0.09875885737832162,0
0.1532343547991331,-0.10482657898557499,0
0.035537112214298894,-0.04588891975507975,1
-0.05487740325123182,-0.021279437592857484,0
-0.19925628726764116,-0.17312473290780625,0
0.11301505221157598,0.10718462376849533,0
0.004198799527462101,0.12205996880354895,0
-0.0011223976898478878,-0.07391965019569853,0
-0.13971587371720492,0.07737117769839919,0
0.014399438437271546,0.1673299796978909,1
-0.08422461151918693,-0.007887697453705085,1
0.04707892601764632,-0.03380097701730187,1
0.07653094957076666,-0.10521475513493238,0
0.0896763087475402,0.05385633451685706,0
-0.11323261748563856,-0.054423791945931124,0
-0.018914257268930024,-0.029394054856652977,0
0.06389910010078999,0.10409786361078739,1
0.10620855100051432,-0.07439748369079378,0
0.099272813555915,-0.02667167705955874,1
-0.015407448494547005,-0.013794541830496896,1
0.12238518101329741,0.08265180907134514,1
0.015142647130622116,0.16486736891620735,0
-0.03924852383209955,0.003965803170535053,0
-0.018759502599149176,-0.001880024111770806,0
-0.006269442329276564,-0.10082918181920114,0
-0.11606028076760426,-0.10231321645076866,1
-0.02377962991923013,0.0007450064994950304,0
-0.05012857404082162,0.06780339680185488,0
0.03104467979849895,0.03188687598645812,0
0.12668513917200483,0.014894402968660977,1
0.02814568502111559,-0.12130820653276113,0
-0.08427766397174613,0.15494651763048817,1
0.11883523878463843,-0.05156136582140335,0
0.015678965881574566,0.11246743689997117,1
-0.075709373486362,0.051907031881130536,0
-0.06069249718525499,-0.25041807975202934,0
0.13245722557489306,0.014087398295391965,1
0.07437335443961185,-0.05965611986644005,1
0.13032501589076337,-0.09154976377917112,0
0.10695831345350625,0.03858272227951512,1
0.07106346574229522,0.13742953769874497,0
0.1491402860902841,-0.03866847495913134,1
0.0872367561310698,-0.10520695102331834,0
-0.006607890966864964,0.013565976677079742,0
-0.11866697560574471,-0.023864397006057036,0
-0.06315478957245568,0.012814317185188847,0
0.09285568195911212,-0.03400763332842935,0
-0.03930944262900489,0.16487121730329057,0
0.0996372592404184,-0.026748861148584328,0
0.07311386270560102,-0.16278188359520862,0
0.1994571301692483,0.05453028925499781,0
-0.15705635208927374,0.07272428296239107,1
0.12984301160687559,-0.0360294876423278,1
-0.16139799007006023,0.07265581663234953,0
0.12288984098291826,0.0012770487724018695,0
0.09721004848142509,-0.011283732138040091,0
-0.10510441221963546,-0.14464068018444678,1
0.10312611647958386,-0.04068737996857114,1
0.005630292161365017,-0.07999842058804514,0
0.05975999498700875,-0.005825149251378689,1
0.021395815440028165,0.07793002674382096,0
-0.09712792405647906,0.08167268971416991,0
0.049464209504514835,-0.027853181729451493,0
-0.08848527950407886,0.07095249867451009,0
-0.16351930817111351,0.042770024045880914,1
0.06061298827231662,0.015694763802252952,1
0.10183039026398016,0.013220671286782082,1
-0.09125765580000753,0.07793329091000342,0
0.11500251413857168,0.02110645712296234,0
0.008874636512331948,0.06522081895402422,0
-0.10321458418178722,-0.025665768909628392,0
0.09502018775775264,-0.004383660610425227,0
-0.01628146930481317,0.04011243747111838,1
-0.014925772582302372,0.13429737407042536,0
-0.1142137288098024,0.22407304392804744,1
-0.16670091884062913,0.09391827666381368,0
0.15646972208905882,0.13912086794851455,1
-0.027031330511957576,0.12193984097883107,1
0.11581556078447648,0.08598695146800243,0
0.0829026343920774,-0.1178319744530007,0
-0.10347520358616552,-0.01792630750952401,1
-0.11748508161454922,-0.03683532456833176,1
-0.163763513401375,-0.08156909370269382,0
-0.1611288573142606,-0.16256381985456478,0
-0.12521346938476613,-0.002913214416524937,0
-0.21458284514621526,0.09368717023659177,0
-0.1347962791170202,-0.02058922780324648,1
0.1479715970402107,-0.038207169480386445,0
-0.11754583078224111,0.19922609196057658,1
0.08012249956824853,-0.02691457915274254,1
-0.0038306135909552987,-0.07505476167797616,1
-0.25857058917528813,0.0008088725003713165,0
0.08636149082574972,-0.1424284356421415,0
0.15503458944269471,0.0314548902042988,1
0.11241892781712928,-0.024503465653280074,0
0.06057181472435453,-0.07708391637497519,0
0.12378672914313914,-0.05888191012107769,1
-0.125578258151623,0.12354585885656083,0
-0.22752591492115595,0.01720203731463967,0
-0.09065515452231576,-0.06809802767228232,1
-0.08070718759359849,0.14187284684890025,1
0.06455479211014171,-0.005851803754877917,0
-0.03531728489476867,0.02153229898243017,0
0.01721183410451602,0.028070588879289364,0
0.018836675647505408,-0.11715035996454032,0
-0.2383439545684075,0.031642804314764475,0
0.20417444651833622,0.027624395983466044,0
0.09903441528767848,-0.020264073237839634,1
-0.0895435641607359,-0.034969006727654406,0
-0.2041395171736896,-0.13242587415275414,0
0.06823096919930162,-0.002679524679691005,1
0.08357829263314373,0.1333925140129826,1
0.06844206958129452,-0.06119797836663314,0
0.11405313148759419,0.07208609918159266,0
0.09195978331534789,-0.15869332370122252,1
-0.2581950603022731,-0.01877135749366496,0
-0.17580095783339209,-0.024505624115005835,1
-0.13067673985505168,-0.14994337140356562,1
-0.13479320848814993,0.07009947396091426,0
-0.1479717014138555,0.1135352869119664,1
0.01899293348345589,0.06294732612209719,1
-0.006147359780138056,-0.11483139179047976,0
0.08018420515211354,-0.13488542697222078,0
-0.18819479015181992,-0.08486394048542055,1
-0.12393837956722492,-0.1419274287409801,0
0.10201445891472932,-0.09215249380239453,0
0.13146912864547386,-0.03070531933369846,1
0.0611589614910411,0.0019180399765100613,1
0.09430339979268931,-0.06374981438127807,0
0.16636101416414273,-0.09407124852660528,0
0.017206093900828372,0.011821710780261603,1
-0.03910040498329279,-0.015385482473544022,0
-0.06190336202533078,-0.18882638893500966,0
0.12855974788003116,-0.010400074904514849,0
0.038146927025856404,0.024625572450506113,0
-0.013801993644620689,0.03184940414510042,0
-0.11880515039892253,0.10494886516284423,1
0.06795993967816517,-0.04718990059556985,0
0.03651639151547177,0.01407537585668769,1
0.04514002167473562,-0.03661019357606754,1
-0.15134924775242045,0.06778009038396876,0
-0.025658503344548923,-0.10687705212240527,0
0.12365500512588518,-0.016553988013233583,1
0.021717308307303857,-0.05544157123954764,0
-0.0584350002557381,0.14840743783241478,0
0.05618611436284866,-0.042264418698619195,0
-0.0780659059301813,0.08128900176128487,1
-0.0700092132585473,-0.06623647738152189,0
-0.16053197487646687,-0.08327449093395929,0
0.11124037516421903,0.045772810724870966,1
-0.1368141642473965,-0.047511702853590784,1
-0.010000036416430682,0.06143741537327718,0
-0.26760211655489713,0.017085818445920026,0
0.0036211554033730472,0.027982294600360766,1
0.03894176404955443,0.01463225172049625,1
-0.1382481812792701,0.11249600831247145,0
0.09229488933926144,-0.010293964399290912,0
-0.06752040312463699,0.0614625866407474,0
-0.02677096733463268,-0.040137408947733516,0
-0.2613828241317206,0.10606830636530505,1
0.026495586120087868,0.022038967234381313,0
0.04320281417178799,0.04422127683296684,0
-0.18362420629629236,-0.055119081792988314,0
0.05188636381672869,-0.07683249730171,1
0.02696797626012438,-0.07884634211767799,1
0.01845070117735394,-0.09952544283766795,0
0.19492125061225582,0.14403144652470926,0
-0.18345646463993223,-0.03797732729115962,0
0.0005193025692616414,0.13567909540683726,0
0.04195508454736383,0.013503473735743201,0
-0.04456276432451362,0.006007689320497029,0
-0.056348269351229836,0.024947115426697374,0
0.019548259306559963,-0.11279067974945575,0
-0.009756413108296448,0.07396217529995368,1
0.12984699848392356,-0.14003809231970982,1
-0.0023300149172375477,0.02265430843151579,0
0.06625384446571991,0.07844121201447414,0
0.14072501446678554,-0.029651526552059257,0
0.03454814688402731,0.03893836577889187,0
-0.04693856463177529,-0.08458822462706807,0
-0.08566806190664203,-0.13811192199614497,0
0.027759150089711988,-0.13367238793916358,1
0.13049811905926367,0.15951253340419408,0
-0.19383499912108518,-0.08273513551651643,0
0.12422070373046225,-0.050273721438088954,0
0.15373127094216119,0.09955673682189257,1
0.04174910657136062,-0.19801491484961473,1
0.09533847678708826,-0.03798756292604557,0
0.11356101866190133,-0.07544560306158798,0
0.020006294840654245,0.09779249494880028,0
-0.12467089733719425,-0.0616465477487779,0
-0.10224128046873361,-0.04785301096855598,0
-0.024439112046506544,-0.039698441595337766,0
0.052289349314903526,-0.09664274510434649,1
-0.050247177395788906,-0.0415712977234121,0
0.03149287163402967,-0.09773260380295135,1
0.12479413332549641,0.1301946466376601,0
-0.2504636335988414,0.0010587371706444377,1
-0.07371138538708587,0.1625919245364668,0
0.055283443558225155,0.004884168555564999,0
0.006075065464673622,-0.06579263925692941,1
-0.0871321823196306,-0.11563280596482066,0
0.06441186789597746,0.05839878255432339,0
0.09596226708122119,-0.033281438764072704,0
0.08956369434980785,0.05229250605686039,0
-0.0978086757897954,0.018267256405550488,0
-0.043260816379648306,0.030885427620776323,1
0.09333438098046433,0.02730897164855647,0
-0.043791443869713745,-0.06410222414135562,1
-0.12285208383461055,0.009311162366586212,0
0.1957788408457526,0.005070518618338733,0
0.10133117479501279,-0.003055759142758864,0
-0.02925294730334205,0.09777174649937734,1
0.011148899735060457,0.06841406986084321,1
-0.021347244544391405,-0.010377501187710697,0
0.07704750145816654,-0.017505907071011576,1
0.043011556654443645,0.08521483714824722,0
-0.28057029866740796,-0.07450506519529967,1
-0.05088740347762839,0.05561482650681191,0
-0.06956086468425927,-0.11015336395664882,0
0.02327277517324392,-0.06459581900423492,0
-0.024366294137545087,-0.06705904585021877,1
-0.06498492047286102,0.22782835414716696,0
-0.09965901523733245,0.0404707139330087,0
0.1850022851787378,0.06909362598339737,1
-0.11214788449630689,-0.030621706023820378,0
0.15004114961736226,0.012741983028671792,0
0.1350324352188613,0.022644615914096243,1
0.2124586591294289,-0.026512195339670714,1
-0.10147195546740258,-0.030201090178410932,1
0.1678772795920341,0.10796601855309124,0
0.05529249340923441,0.11643968995574452,0
0.07483346879976478,0.1423222625065378,1
-0.1455613113172675,0.04101037311745698,0
0.09922186634593383,-0.010940818025200204,0
-0.0918712403784971,-0.07605632249776281,0
0.06608353630978087,-0.02984581182027949,1
0.11325482472770032,0.03108184438814723,0
0.1834925080090852,0.008991551012308963,1
-0.29415735467627596,-0.040551105067951176,0
0.06522294890320815,-0.03806957370472118,1
-0.08336514416018123,0.17421537361084483,0
0.02320093314209615,0.2424763141757434,0
-0.04160909814447053,0.06077687381593321,0
-0.06167923444146871,-0.1337087400304018,1
0.08648615549386023,-0.0759264996523256,0
0.06793402688766097,0.10297954262228591,0
0.06701259326438189,-0.0058942487228155396,1
-0.20000692851198193,0.08564571924340555,0
-0.06641974076576838,0.07862589531278469,1
0.1731514247626866,-0.020383657367791345,1
0.0895608124601902,-0.03364089036884162,0
0.1468590531080114,-0.0674971087614937,0
0.1904728375321582,0.06395828033805916,0
0.13980239849198406,-0.13752991296517483,0
0.04782556918063167,-0.15896391784464603,0
-0.2647940319454673,0.04371933550590285,0
0.14382654233592548,0.024339457326217045,0
0.03631686954439173,0.012894580315692222,0
0.13671949138917402,-0.09298161848644747,0
-0.17834144070514507,0.1155476788906698,0
0.05436496888872468,-0.07202552889097856,1
0.06784452080408743,-0.045208014362854425,0
0.18005439749488242,0.030174042576142562,1
-0.07500002113889456,-0.07215763883085359,0
0.18968651678094073,-0.010514771458970961,1
-0.07103777036424506,0.10842159894134074,0
0.15042259678457987,0.034700855302939045,0
-0.23300102519393173,-0.03536915270291894,0
-0.168661809821914,0.14986408769947437,1
-0.19623020722473186,0.03114845664542245,0
-0.10644064883035176,0.00976026691472926,0
0.03873940748338968,-0.034271243039378646,0
0.0707230190858485,-0.07401527215082106,0
-0.08965780205804465,-0.1012925656699765,0
-0.04358214899982757,0.04902040803844124,0
0.050977691740417094,-0.06433463028594705,1
-0.04840469363133148,0.01705999170411486,0
0.08150304025200762,0.0803919555727092,0
0.09384063186955942,-0.016789806061103044,0
-0.06929692532505362,0.020500752123980337,0
-0.12185812388782725,-0.054218286768148,0
-0.09375816095440817,-0.16562632300072944,1
0.061469724156825584,-0.07794982834774526,0
0.1331662418787688,-0.08881641211855146,0
-0.07746808975086553,-0.06215497568145602,1
-0.1379817800152757,0.03880907740969315,1
0.08103167110623957,-0.11609268229976726,0
-0.14132505250246766,0.08866033789228371,1
-0.028652710212945666,-0.01795884003517403,0
0.1443736173834399,-0.18879134230928868,0
0.10025097577350346,0.08023807854131909,1
-0.0012984441007285758,0.05306230870057951,0
0.13313474283328422,0.07021983140705389,0
0.14063105793070857,0.0006655717883160444,0
-0.18813452850346832,-0.02548674298443842,0
0.003175683175249129,0.06302620561481252,0
-0.04862859095538814,0.214203445060435,0
0.10201382691232687,0.050678312184749656,0
0.03266688992324361,-0.05054514417903738,0
0.10083714813718471,0.12803622804921194,0
-0.014108213197555283,0.1660803753085781,0
0.017747704722602238,-0.14723926520528036,1
-0.17485458852889418,0.09286478264648829,1
-0.014623780531521715,0.1421460516561835,0
0.01871123424603679,-0.01565848425061026,0
-0.06608276510926739,-0.018603343067519384,0
-0.209677165844911,-0.0876954233714103,0
0.02068851322630248,-0.00986823696876447,0
0.14434069880574346,-0.11092573828168201,0
0.0990389498988718,-0.08628127610534293,0
-0.05201234011626785,-0.0810467608197071,0
-0.19202040262378786,-0.10917593352221665,0
0.04994194579705417,0.08251233151172882,0
-0.05083962356712222,0.03794318616675415,0
0.08916458516527465,0.0959078860898401,1
0.10047818287611275,-0.014385200487679687,1
0.11745474058398107,0.011498998236379397,0
0.09577837388071217,0.0779942781825486,1
0.08860294431381238,-0.04336384335502531,1
0.06390424969366973,0.026407602841963196,0
0.0840672952302578,0.17836979209408857,0
0.008515071870579302,-0.042716569712639936,0
-0.041880673175107005,-0.010154063317745937,0
-0.031157358332285976,0.019835277988287252,0
-0.06171716822134199,0.01248571320076753,1
-0.24741759079390369,-0.07668620812903772,0
0.05687483956214361,0.003018409130012506,0
0.13774627951997542,0.01842368834471268,1
-0.12635903909577206,-0.05582670987845153,1
0.11999713174605495,-0.02978782860362867,1
0.02172786362669492,0.19982282652007513,1
-0.11026642218338178,0.0662707207835428,0
-0.17596942546814184,0.01616439047853056,0
-0.025746646579539602,0.04041996740018735,0
0.027678747481102942,-0.043845621430708415,0
0.15025998824175477,-0.001516115953807452,0
0.036027286577938064,0.03413835088982682,0
0.13018835797362222,0.026684626420065145,0
-0.08386935124902278,-0.06511394218672427,0
-0.01596265537046992,-0.16069635824364317,0
-0.2361665135718137,0.04487506490419222,1
0.0004901081253053779,0.027878546262732708,0
0.021670548662597648,0.08262033357833493,0
0.08461788003436162,0.05206137883060115,0
-0.04010485387587714,0.04826938970521572,0
0.19720794100892816,-0.002700551773797428,1
-0.0885608622177619,-0.03596398551974187,0
-0.054433434407754645,-0.1591548130136364,0
-0.13805069802388129,-0.092178282397793,0
-0.019371515339267665,-0.060256851615448304,0
-0.1573639080767113,0.05226737243878844,0
-0.023089901440709135,-0.03500716144925317,1
0.08247526734193779,-0.02899607493033769,0
-0.11939240886874238,-0.1184467736057074,0
0.08805365441635511,-0.03636086348644428,0
0.13333731809092145,-0.09131893761603002,0
0.03953187856379207,0.021151441175125008,0
-0.2102332164471474,-0.01070047393318893,0
0.04693824841630215,-0.06710393398640188,0
-0.11178046897546541,-0.0632361232230589,0
-0.11950040619895037,-0.07028668557096208,1
0.04601266152917531,0.12141614073047645,1
0.17458288840792746,0.06738427179462265,0
0.09545565600003715,0.002126537433484217,0
0.03168618832133675,-0.16019327949316994,0
0.12758410523878203,-0.10603480907540856,0
0.04407767292757365,0.07986446873631685,0
0.06873041800293707,-0.0060300259990403345,0
-0.17922326170847722,0.04120623814679022,0
0.011702548610452477,-0.09509411316118041,0
-0.22569944283061033,0.012163143641729565,0
-0.04238283130221299,-0.010120664426182417,0
0.024242342432819475,0.08858575929742717,1
0.06430265977789426,0.023992008235071447,0
-0.10788241295096741,0.019784158423034475,0
-0.1193956038972238,-0.08499131775933683,0
-0.09692756499568893,-0.13936466456164803,1
0.03766212820009116,0.012788012808849643,0
0.010397841390877271,-0.04602413234846406,1
0.0997520611928622,-0.05707882695587769,0
0.1788190732046692,0.032302954133156835,0
0.0706197551666494,0.003997019920053614,1
0.02516473096938759,0.0653413481660625,1
-0.13041553967368982,0.10090076864487489,1
-0.06785877480346723,-0.14909489485852698,1
-0.028662210528709924,-0.007189673333821491,0
-0.2416524285834585,0.06903146716812729,0
0.010226135973757497,0.0942852353274498,0
0.12375961707028346,0.17555659187263611,0
-0.17685384857153585,-0.14728653722213655,0
0.015699930126381295,0.07418458840713099,0
0.00576860186348805,-0.006598676457171244,0
0.05143733911406048,0.03786903433681124,0
-0.15381424892614062,-0.037339194098291194,0
-0.21109407232675367,0.1390651155672861,0
-0.07073164708685545,-0.07904055912663001,1
-0.24635669077182865,0.03525568814041474,1
-0.05845175953758908,-0.05083359895136388,0
0.10931935480433946,-0.000976592206904601,0
-0.041080120486508616,0.03572469473865732,0
-0.050648451646469146,0.011508940570528509,0
0.016574485514928097,-0.05499097817052514,0
-0.12303042125587031,-0.10996996645884168,1
0.12438826870277389,0.04008811043875546,0
0.06601016111935616,0.08963132907496867,0
-0.07284617734509068,0.02368300590880817,0
0.08519579636072952,-0.12012294737682602,1
-0.12741497965201787,-0.13676351866801167,0
0.0038131538468010634,0.14633993279223642,0
-0.11422979808281801,-0.02767035883757299,1
0.0811329205718916,-0.08487280210333248,0
0.12486955658459686,0.04573121802683062,0
-0.055390436693424965,-0.013033442131031052,0
0.01062659818057356,-0.16567098614902265,0
0.15125212703592758,0.010547351558589189,0
0.08105774606147803,0.07045247735098534,0
0.04200568085135807,0.03012034896082407,1
-0.05192143417569716,0.0717709588895255,1
0.04894132985105897,-0.052209887813767536,0
0.1625712499932595,0.04653410637049243,1
0.11379718416569065,-0.08559471493693896,0
0.1730203197845903,-0.004652199548713141,1
-0.06073264421410822,0.03420944254852361,1
0.07228088319074426,0.04360473988954133,0
0.10500566608574942,-0.014256124344348815,0
0.007700398297530273,0.20405415433026572,0
0.023722415663287606,-0.03483091643199677,0
0.19545738750489916,-0.14333104644320058,1
-0.1626064065456632,0.07277977524311909,0
0.11410494232368093,0.01074249071164225,0
0.13901101946278402,0.053988318400554736,1
0.07014516281488663,0.1532800876321058,1
0.01263257907462005,-0.13889600124092963,1
-0.10355376598628499,0.10282267520393379,0
-0.03295400181569878,-9.223730304737649e-05,0
-0.114553375142488,0.005003825252003297,0
-0.05996039968797833,-0.0519374825878786,1
0.04225313759432606,-0.02540687216888962,0
0.1597900221410721,0.10672033573482462,0
-0.14486877988001162,0.06330124354182,1
0.11534951759899065,0.06502989875927927,0
0.019356596538491238,0.00923579848507079,0
0.045488183588494095,0.0725264600723127,1
0.002585553057912823,-0.0380894789334887,0
-0.14106338286915882,0.025199504679084172,1
0.06820133927495892,-0.07278276141251075,0
-0.0028620659206914046,0.2735721206733386,0
0.1420674627869974,-0.01954069470773407,0
-0.16762134171562693,0.01925579513387857,0
0.18167131962399574,0.007739296364403077,1
0.06265202495316602,-0.03023783382888362,1
-0.20379943561223274,-0.028909187048841847,1
0.08509848152963456,-0.08359007294114541,0
0.1416491257671408,-0.0020674538214833778,0
-0.08850684847073176,-0.05407326774947004,0
0.06558210327632967,-0.04354087282831638,0
0.05665997051772731,-0.07330410417784974,0
0.1932866353931263,0.08412305699698262,0
0.10413066931218525,-0.07216494434475511,0
-0.037743233817838076,0.04803519967726251,0
-0.20985742705606375,-0.05556705281338142,1
0.05522678802021683,0.13155251900906628,1
-0.18720394584765768,0.029815348963690747,0
-0.147968092244893,-0.05437241950326098,0
0.049836664316463254,0.10798879408173401,0
1.3338007129677797e-06,0.07303765335472802,0
-0.08751273133743868,-0.09023705958912037,0
0.07028056727645733,0.06552144216839835,0
0.13950253465958792,0.0017618180592777802,1
0.1286903693183361,0.041612087761659915,1
0.08905248674634161,-0.09934624001695101,0
